rank,nandi_word,frequency_in_examples,headword_id,gloss,recorded,audio_file,notes
1,ke,810,p085_ke_eb_vt,"to chop, hack (with axe or machete), keep ketit to chop the tree",,,
2,ki,458,p052_ki_bo_vt,"to boil a liquid, kibo bek to boil water",,,
3,ko,189,p145_kobob_adv,/kopop/ when an uncircumcised boy sleeps with a circumcised woman. kegurji kobob,,,
4,kei,177,p111_keit_n,abdomen,,,
5,ab,142,p027_ab_p,of. logok ab ko i. the children of this house,,,
6,ne,86,p218_negit_a,"near, ne negit koit ka the one who is near to arrive home",,,
7,mi,69,p194_miat_n,1. death,,,
8,ta,53,p279_ta_adv,as long as,,,
9,lit,53,p178_litit_a,1. straight,,,
10,lakwet,49,p171_lakwet_n,"1. child. lakwa. (S/he) is like a child, i.e. immature",,,
11,chi,42,p073_chiget_n,kitchen,,,
12,bek,39,p038_bek_n,1. water. lune bek che lolong',,,
13,kot,38,p151_kot_adv,house,,,
14,met,37,p194_metit_n,"head, metit ab migisit the fi-ont ofthe train",,,
15,bo,28,p052_bo_p,"/pa/ [cf. ab of] of, for",,,
16,ak,25,p027__ak_af,one,,,
17,mo,22,p197_mobet_n,"Markhamia platycalyx, slender-trunked tree usually 30-40 ft; exceptional specime",,,
18,let,22,p176_letut_n,"1. behind, last, rear. 2. behind or rear of female animal, esp. ofcow (in sec. f",,,
19,get,22,p120_ke_get_vt,"1. to drive (e.g. car, but not cattle or sheep/goats), keget karit to drive a ca",,,
20,chego,21,p059_chego_n,milk,,,
21,oret,20,p241_oret_n,"1. road, path",,,
22,teta,19,p289_teta_n,1. cow. 2. placenta (human),,,
23,eng',19,p087_eng'_p,in. eng orit in the inside,,,
24,kono,18,p149_konom_num,fifty,,,
25,set,18,p262_seta_a,ingrown (cow's horns which grow facing down),,,
26,bik,18,p042_bik_n,people (sg. chito),,,
27,ka,18,p102_ka_n,"(no pi., no sec.) [cf. kot house] home (one's - -)",,,
28,mie,16,p194_mie_a,good,,,
29,bor,16,p046_borbor_a,"brittle, crumbly, delicate, fragile (of dry things and, by extension, of a perso",,,
30,kut,16,p158_kutet_n,"ant-bear (obs., replaced by kimogutiet)",,,
31,ya,16,p316_ya_a,1. bad,,,
32,ok,15,p323_okwet_n,"[cf. okwot, kwaget to graze] 1. place where cattle are grazing",,,
33,arap,14,p031_arap_n,son of Arap Bet Mr,,,
34,yo,14,p320_yo_adv,"[cf yu here, yun yonder] there",,,
35,che,14,p056_ke_che_vt,to come ahead of and catch red-handed,,,
36,si,14,p263_sibit_n,zip(per),,,
37,ketit,14,p120_ketit_n,"1. tree, ket ne o a large tree",,,
38,ng'al,14,p220_ke_ng'al_vt,"to deceive, trick, mislead, cheat",,,
39,mat,13,p188_mat_n,1. fire,,,
40,man,13,p185_manget_n,sap oftree,,,
41,ono,13,p324_ono_adv,/ano/ where? Mi ono? Where is it?,,,
42,long,13,p180_long'et_n,shield,,,
43,kutit,13,p158_kutit_n,1. mouth,,,
44,ma,12,p184_maget_n,longing,,,
45,bich,12,p042_bichi_a,"difficult, laborious, arduous, exhausting, delicate",,,
46,ingoro,11,p095_ingoro_adv,where? Ingoro lalet? Where is the horn?,,,
47,bom,11,p046_bombo_n,spigot (of well pump),,,
48,asis,11,p032_asista_n,1. sun,,,
49,ole,11,p240_ole_adv,/ole/ how,,,
50,seset,11,p262_seset_n,dog. ke-set V,,,
51,ingwek,11,p096_ingwek_n,vegetable,,,
52,age,11,p028_agenge_num,one,,,
53,ter,11,p288_ke_ter_vt,"to prevent from going astray, direct. ke-ter v.ven",,,
54,metit,10,p194_metit_n,"head, metit ab migisit the fi-ont ofthe train",,,
55,sun,10,p273_sundet_n,mesenteric fat (solid substance) worn when a sacrifice is performed to introduce,,,
56,emet,10,p086_emet_n,country. Kararan emoni. This land is beautiful. _kara:ran e:m-a:-ni/,,,
57,ropta,10,p250_ropta_n,rain,,,
58,tai,10,p281_taita_n,"1. front. 2. right (side), eut ab tai right hand",,,
59,tugul,10,p300_tugul_a,(predicative),,,
60,run,10,p251_rungut_n,"club (wooden), rungut ab ropta rain",,,
61,mut,10,p210_mut_num,"five, siling' mut five shillings",,,
62,ng'et,10,p223_ng'etet_n,boy,,,
63,bet,9,p041_betut_n,"day. bet kwen. middle ofthe day, afternoon",,,
64,bandek,9,p035_bandek_n,"Zea mays, maize",,,
65,eut,9,p088_eut_n,hand,,,
66,yu,9,p319_yu_adv,"/yu, yu-ta(k) (emph.)/ [cf yo there, yun yonder] here",,,
67,rub,9,p251_rubet_n,hunger(cf iljet),,,
68,lot,9,p180_ke_lot_vt,"to defeat s.o (in an argument, court case, struggle, competition)",,,
69,ra,9,p243_ramba_a,wide open (of cow's horns which curve outwards),,,
70,kimiet,9,p127_kimiet_n,"homemade bread made by boiling millet or maize flour, stiff polenta, combread",,,
71,keldo,9,p113_keldo_n,"foot, leg",,,
72,sit,9,p269_ke_sit_vt,"1. to polish, shine. 2. brush (teeth)",,,
73,kat,9,p111_katam_n,left (side),,,
74,keringet,8,p117_keringet_n,hole,,,
75,kowet,8,p170_kowet_n,"bone, mwait ab kowet marrow",,,
76,orit,8,p241_orit_n,inside,,,
77,barak,8,p036_barak_n,"1. up, above",,,
78,kitio,8,p144_kitio_adv,/kityo/ alone. kitio. (S/he) is alone,,,
79,itit,8,p098_itit_n,ear. itit ab Jelagat,,,
80,moita,8,p199_moita_n,calf,,,
81,karit,8,p109_karit_n,"car, vehicle",,,
82,un,8,p311_unyet_n,suspicion,,,
83,sotet,8,p271_sotet_n,"gourd, calabash, ki-sub V",,,
84,mar,8,p187_marich_a,1. narrow,,,
85,mur,8,p208_mur_a,"dirty, rust-coloured (alsomurwan)",,,
86,ng'u,8,p228_ng'utum_a,blunt,,,
87,sir,8,p267_siret_n,market,,,
88,tor,8,p299_ke_tor_vt,"to spear, poke (at), prick, stab",,,
89,kigombet,7,p125_kigombet_n,cup,,,
90,artet,7,p032_artet_n,sheep or goat,,,
91,sang',7,p257_sang'ut_a,"sour-looking, eery, creepy, strange",,,
92,kararan,7,p109_kararan_a,"beautiful, delightful, nice",,,
93,maiyek,7,p184_maiyek_n,"beer, alcohol",,,
94,eng,7,p087_eng'_p,in. eng orit in the inside,,,
95,oinet,7,p323_oinet_n,river,,,
96,men,7,p191_menet_n,"clay, menet ab teret the clay of the pot men-e:t _a:p tere:t/ meng'eng'iat",,,
97,old,7,p239_oldo_n,1. place,,,
98,bororiet,7,p047_bororiet_n,group of people who had settled together and established a history of common int,,,
99,many,7,p186_ke_many_vt,to bring bad luck or cause to fail by talking about in envy,,,
100,chaik,7,p055_chaik_n,tea (pi. only). lyo chai! Make tea!,,,
101,konda,7,p148_konda_n,"hole, kond ab kong' peep-hole (i.e. hole of the eye)",,,
102,chito,7,p075_chito_n,person (see also bik). chito ne bo Eldoret a person ofEldoret,,,
103,ogobo,7,p322_ogobo_p,"/akopa/ 1. because of, on account of, by virtue of, about, for the sakeof",,,
104,sis,7,p268_sisit_num,eight,,,
105,nyo,6,p236_nyogor_a,coward,,,
106,imbaret,6,p091_imbaret_n,field (cultivated),,,
107,kel,6,p113_kel_n,"1. bottom, ket kel bottom of the tree",,,
108,ib,6,p089_ibak_adv,/ ipak/ then,,,
109,biut,6,p045_biut_n,"1. cattle enclosure, kraal, corral",,,
110,chom,6,p083_chomiet_n,"love, affection (mutual), romance, harmony, chomiet ab Jehoba God's love",,,
111,chot,6,p078_ke_chot_vi,"1. to die slowly, pine away, rot away, moulder",,,
112,ng'atatek,6,p221_ng'atatek_n,"dung, mud",,,
113,rotwet,6,p251_rotwet_n,"knife, rotwet ab baniek meat knife, butcher's knife",,,
114,chor,6,p077_chorset_n,"stealing, thievery",,,
115,tany,6,p283_tany_n,Many/ 1. cow (see teta),,,
116,kond,6,p148_konda_n,"hole, kond ab kong' peep-hole (i.e. hole of the eye)",,,
117,il,6,p090_ilet_n,lightning,,,
118,leg,6,p174_legei_a,spotted,,,
119,oeng',6,p322_oeng'_num,a-mac-e ae:ng/ Mi oeng'u,,,
120,katit,6,p111_katit_n,neck,,,
121,mugul,6,p203_mugul_a,round,,,
122,ui,6,p309_ui_a,"hard, difficult",,,
123,ker,6,p117_keret_n,seeing,,,
124,nego,6,p218_nego_n,sheep and/or goats (see artet),,,
125,teret,6,p289_teret_n,ter-e:t _a:p inkw-e:k/ teret ab kimoi cooking pot (for cooking kimiet),,,
126,min,6,p195_mindet_n,red duiker,,,
127,rab,6,p242_rabait_n,rabbi,,,
128,te,6,p284_te_adv,"how (much, big, far)",,,
129,ti,6,p290_tia_adv,Ijyk'.l how much (of a quantity)? Tia rabinik? How much money is it?,,,
130,tum,6,p302_tumda_n,giant,,,
131,ur,6,p312_urwet_n,shade. ko-us V. /ko-us/ 1. to blow (of wind),,,
132,somok,5,p270_somok_num,"/somok/ three, somsom",,,
133,rich,5,p247_ke_rich_vt,to make flow of water back up (for cattle to drink),,,
134,al,5,p029_aldai_n,"southwest, southwest Nandi. ki-algat v",,,
135,anyiny,5,p031_anyiny_a,"sweet, tasty, delicious",,,
136,ng'wan,5,p229_ng'wan_a,1 bitter,,,
137,bendo,5,p039_bendo_n,meat,,,
138,kurget,5,p156_kurget_n,door,,,
139,bit,5,p044_bitet_n,"character (quality of person), characteristic, disposition",,,
140,buch,5,p047_buch_adv,"nothing, gratis; in vain, to no purpose; nonsense",,,
141,chit,5,p075_chito_n,person (see also bik). chito ne bo Eldoret a person ofEldoret,,,
142,chob,5,p075_chobony_a,"bright, brainy",,,
143,moet,5,p197_moet_n,"1. stomach, belly. O moet",,,
144,kerge,5,p117_kerge_a,be alike,,,
145,ket,5,p120_keter_n,under eaves,,,
146,bend,5,p039_bendo_n,meat,,,
147,too,5,p309_toot_n,guest. u u ke-u V,,,
148,koi,5,p146_koi_adv,"long, tall, A Fm lanky. koi kosirin (asirin) taller than you",,,
149,kamet,5,p106_kamet_n,"mother, mother's sister (used in reference, not direct address)",,,
150,kwen,5,p161_kwendet_n,firewood,,,
151,tui,5,p301_tui_a,black,,,
152,mind,5,p195_mindet_n,red duiker,,,
153,gut,5,p157_ke_gut_vt,"1. to scrape, plane, kegut muito to scrape the hide",,,
154,sing,5,p266_sing'o_a,"[cf singoito eland] 1. fawn-coloured. 2. faded, faint, unclear, sing'oito",,,
155,mas,5,p188_masek_n,"mane, e.g. of Colubus monkey (koroitiet)",,,
156,muny,5,p207_munyat_n,natural sodium carbonate used to flavour tobacco,,,
157,mus,5,p210_musiot_n,corpse,,,
158,nes,5,p219_nesiot_n,charcoal,,,
159,ng'or,5,p226_ng'ortot_a,rough,,,
160,ng'ot,5,p227_ng'otit_n,spear,,,
161,ng'ut,5,p228_ng'utum_a,blunt,,,
162,sut,5,p275_ke_sut_vt,to take away. ke-sut v.itv,,,
163,tel,5,p287_teldet_n,"Ekebergia rueppeliana, forest tree to 80 ft. or more; bark grey; fruit a dryish,",,,
164,tong',5,p298_tong'ony_a,"1. sour-looking, irritable. 2. spooky, creepy, tong'onyit ke-tong'ony-it v.incep",,,
165,oin,5,p322_oin_adv,daybefore yesterday,,,
166,tur,5,p303_turet_n,picking (ofleft-over maize or millet) after the harvest,,,
167,turur,5,p304_tururik_n,dirty water (with mud stirred up from bottom),,,
168,chebioset,4,p056_chebioset_n,"/_ce:p-yô:s-e:t, _ce:pyô:s-a; ce:p-yô:s-ô:y, ce:p-yô:s-",,,
169,ol,4,p239_oldo_n,1. place,,,
170,tie,4,p291_tie_n,/tye/ girls (see chepto). ke-tiech v,,,
171,ara,4,p031_araget_n,"1. cow whose calf has died. 2. empty sword sheath. 3. a jerk (person), ke-aran v",,,
172,son,4,p271_sondit_n,"inside a forest, under the canopy, ke-sonen v",,,
173,et,4,p088_etiet_n,"1. frail, weak",,,
174,atkai,4,p033_atkai_adv,earlier today,,,
175,busit,4,p051_busit_n,cat. ke-but V,,,
176,bar,4,p036_bara_a,"broad, spacious, wide",,,
177,kuterer,4,p158_kuterer_adv,to lie on the back,,,
178,meset,4,p193_meset_n,heap,,,
179,koit,4,p146_koita_n,"stone, koit ab bai stone for grinding millet",,,
180,batai,4,p037_bataiat_n,1. duck. lechi kou batait. (S/he's) waddling like a duck,,,
181,berber,4,p040_berber_a,"foolish, naive",,,
182,ei,4,p085_eiat_n,"stomach contents (of a cow), eiat ab teta stomach contents ofa cow",,,
183,birir,4,p043_birir_a,1. red,,,
184,kasit,4,p110_kasit_n,work (cf boisiet work),,,
185,borowet,4,p047_borowet_n,1. barkrope or vine. lin borowet! Twist the rope until it is taut!,,,
186,koris,4,p150_koristo_n,"coldness, chilly wind",,,
187,bun,4,p048_bunbun_a,"soft, not rigid, not hard",,,
188,chang',4,p056_chang'_a,. many,,,
189,kait,4,p104_kaita_n,"1. (his) wife (sg. only), kainyu my wife",,,
190,kerichek,4,p117_kerichek_n,medicine,,,
191,chepto,4,p071_chepto_n,"girl, daughter",,,
192,chirjir,4,p074_ke_chirjir_vt,"to tread, trample, kechirjir ng'atatek to trample in the mud",,,
193,omitwogik,4,p324_omitwogik_n,food,,,
194,chur,4,p081_churei_n,"/curey, curey-ta/ absolutely true, truth",,,
195,chus,4,p081_ke_chus_vt,"to brave (heavy rain, dense forest, darkness)",,,
196,lu,4,p180_luget_n,"war, raid",,,
197,ri,4,p248_riret_n,cry. ko-riri v,,,
198,oil,4,p239_oiliot_n,"cow that doesn't come into season often, takes a long time to get pregnant; woma",,,
199,indaret,4,p092_indaret_n,"snake, largebodied",,,
200,ing'uny,4,p093_ing'unyut_n,1. world,,,
201,toget,4,p297_toget_n,"face, togenyu my face",,,
202,tomotet,4,p298_tomotet_n,"tobacco, Nicotiana tabacum. tong' ki-tong' v.ven",,,
203,boiyot,4,p053_boiyot_n,"elder, married man. ke-bol V",,,
204,ata,4,p033_ata_adv,how much? Siling' ata? How much is it (how many shillings)?,,,
205,serem,4,p261_serem_n,"space in front of a house, porch",,,
206,suwet,4,p275_suwet_n,"waist, ke-swach v",,,
207,kitigin,4,p143_kitigin_adv,1. a little (quantity). Kitigin kimiet. The food is little,,,
208,muito,4,p205_muito_n,"1. ox-hide, muit ab koi hide to catch ground millet on (hide of (grinding) stone",,,
209,ru,4,p251_rubet_n,hunger(cf iljet),,,
210,ingokiet,4,p095_ingokiet_n,"chicken, arwet ab ingok chick",,,
211,koristo,4,p150_koristo_n,"coldness, chilly wind",,,
212,eito,4,p085_eito_n,ox,,,
213,taritiet,4,p284_taritiet_n,1. bird. 2. penis (colloq.). 3. omen,,,
214,ot,4,p325_ot_n,heart (suit in cards),,,
215,komet,4,p166_komet_n,mother (used to refer to the mother of a child when speaking to it),,,
216,tech,4,p285_ke_tech_vt,"to protect, deflect with shield",,,
217,tia,4,p290_tia_adv,Ijyk'.l how much (of a quantity)? Tia rabinik? How much money is it?,,,
218,mirmir,4,p196_mirmir_a,"1. quick-tempered, easily upset",,,
219,sin,4,p266_sin_a,to be bom with a tiny tail,,,
220,mwait,4,p211_mwaita_n,1. oil. lile kei mwaita! Anoint yourselfwith oil!,,,
221,ng'any,4,p220_ng'anyek_n,"sand, ng'arng'ar",,,
222,kai,4,p104_kainet_n,name,,,
223,nyol,4,p237_nyolset_n,a triumph,,,
224,sumeek,4,p273_sumeek_n,"hair, sumeek ab konyek eyebrows",,,
225,tap,4,p283_taptet_n,flower,,,
226,rib,4,p246_ribrib_a,"level, undulating (land), ribrib (ribriib)",,,
227,mwaita,4,p211_mwaita_n,1. oil. lile kei mwaita! Anoint yourselfwith oil!,,,
228,sas,4,p258_ke_sas_vt,"to look down on, slight, belittle, disapprove of Kasas. (S/he) disapproved of (i",,,
229,sinet,4,p266_sinet_n,"1. poorness, starvation",,,
230,tach,4,p280_ke_tach_vt,"1. to collect, accept with opened hands",,,
231,toror,4,p299_toror_a,1. steep (upwards),,,
232,tus,4,p304_tustus_a,"/tustus, tustus/ soft, cushiony",,,
233,welel,4,p315_ke_welel_vt,1. to turn,,,
234,yon,4,p320_yonyet_n,"harmony, ki-yonyo v",,,
235,aba,3,p027_abai_a,lactating,,,
236,agenge,3,p028_agenge_num,one,,,
237,teget,3,p286_teget_n,"chest, tigitik ab teget chest muscles, Pectoralis",,,
238,anyun,3,p031_anyun_adv,then; indeed,,,
239,kogo,3,p146_kogo_n,a-torô:c-i ko:ko/ Nyonei kogo,,,
240,siling',3,p265_siling'_n,shilling,,,
241,kora,3,p149_kora_adv,"still, anyhow",,,
242,told,3,p298_toldol_a,"1. thick, rich (soil). 2. solid (person). 3. swollen (body part), toldol (toldoo",,,
243,ba,3,p033_baba_n,"father, paternal uncle, baba ne o father's older brother",,,
244,ban,3,p035_ke_ban_vt,to bewitch,,,
245,bara,3,p036_bara_a,"broad, spacious, wide",,,
246,beluk,3,p039_beluk_adv,"/peluk/ somersault, kebar peluk to do somersaults",,,
247,asista,3,p032_asista_n,1. sun,,,
248,ing'unyut,3,p093_ing'unyut_n,1. world,,,
249,betwet,3,p041_betwet_n,"1. opening ofangle (as in comer ofeye, web of fingers, crotch), betwet ab konda ",,,
250,rot,3,p250_ke_rot_vi,1. to flow,,,
251,muriat,3,p208_muriat_n,rat,,,
252,bur,3,p050_buret_n,[bureti place with mist] July,,,
253,ai,3,p028_aita_n,calf (of leg),,,
254,ongot,3,p324_ongot_adv,/ankot/ 1. even,,,
255,chabai,3,p054_chabai_a,"smooth-surfaced,slippery",,,
256,mul,3,p205_mulial_a,"1. blurry, fuzzy, hazy; unable to see clearly, dim-sighted",,,
257,usit,3,p312_usit_n,thread,,,
258,katet,3,p111_katet_n,1. thorn,,,
259,tumdo,3,p302_tumdo_n,"ceremony, esp. ofinitiation. ki-tun V",,,
260,eiyo,3,p085_eiyo_n,"mother, mother's sister",,,
261,en,3,p087_eng'_p,in. eng orit in the inside,,,
262,koib,3,p146_koibet_n,solid wooden swinging door in Nandi house,,,
263,kitabut,3,p143_kitabut_n,book,,,
264,ketu,3,p120_keturek_n,"dried cow manure, fertiliser ke-get-yi v.app",,,
265,imbar,3,p091_imbaret_n,field (cultivated),,,
266,ine,3,p093_inet_n,sinew (used for bowstring),,,
267,inga,3,p093_inga_adv,so,,,
268,ingu,3,p095_inguget_n,"grandfather (reference, cf kugo)",,,
269,ng',3,p221_ng'ei_n,May. ng'ei,,,
270,irokwet,3,p097_irokwet_n,"Coleus forskohlii, shrub to 8 ft. with soft, absorbent leaves used as a towel fo",,,
271,iman,3,p090_imanda_n,1. truth. Momwoei imanda. (S/he) is not telling the truth. /ma-mwa:-ey | i,,,
272,karnet,3,p109_karnet_n,"1. iron, metal",,,
273,tebes,3,p285_tebes_a,"broad, wide",,,
274,koba,3,p145_kobanda_n,bellows,,,
275,ng'o,3,p225_ng'ogi_n,sin,,,
276,ser,3,p261_serem_n,"space in front of a house, porch",,,
277,keteriat,3,p120_keteriat_n,cricket,,,
278,ng'om,3,p230_ng'om_a,"clever, smart, intelligent. chichi",,,
279,koigoch,3,p146_koigoch_a,"tough, difficult, rough",,,
280,koroito,3,p150_koroito_n,"thing, phenomenon, s.t. unknown but dark and disturbing",,,
281,korot,3,p169_korotik_n,blood,,,
282,log,3,p182_loget_n,[cf ke-lach to stone] hunting,,,
283,suswek,3,p275_suswek_n,grass,,,
284,kwa,3,p159_kwanda_n,"father, father's brother (used in reference, not direct address)",,,
285,kwar,3,p160_kwariat_n,"tendon ofheel, ke-kwarkwaran v",,,
286,os,3,p241_osit_n,old cow,,,
287,lal,3,p172_lalet_n,"horn, lalet ab mwaita hom of oil",,,
288,long',3,p180_long'et_n,shield,,,
289,le,3,p174_lebel_a,"level, flat, koita ne lebel a flat stone",,,
290,lil,3,p178_lildet_n,"bare bone, without meat. ki-lili V",,,
291,mel,3,p190_meldet_n,"/me:l-te:t, me:l-t6; me:lwa, me:l-wek sinew, tendon",,,
292,mermer,3,p192_mermer_a,"/mermer, mermer/transparent",,,
293,mindilil,3,p195_mindilil_a,"sour, tangy",,,
294,mir,3,p196_ke_mir_vt,to tie at the top. kemir kot. to lash saplings around top of house under constru,,,
295,sugar,3,p272_sugaruk_n,sugar,,,
296,mongwet,3,p200_mongwet_n,"skin from flank of sacrificed animal (worn in ritual), mongwet ab katit a mongwe",,,
297,muget,3,p203_muget_n,lid,,,
298,mursik,3,p209_mursik_n,milk thickened in specially prepared gourd,,,
299,chu,3,p081_churei_n,"/curey, curey-ta/ absolutely true, truth",,,
300,negit,3,p218_negit_a,"near, ne negit koit ka the one who is near to arrive home",,,
301,ng'at,3,p221_ng'atib_a,sharp,,,
302,ng'er,3,p222_ng'ering_a,"few, not much, a smidgin (plural only)",,,
303,ng'oi,3,p225_ng'oi_a,"1. dangerous, looming, suspicious",,,
304,bite,3,p044_bitet_n,"character (quality of person), characteristic, disposition",,,
305,til,3,p293_tilil_a,1. clean. 2. guiltless,,,
306,ram,3,p243_ramba_a,wide open (of cow's horns which curve outwards),,,
307,nyalil,3,p233_nyalil_a,"green, kigombet ne nyalil a green cup",,,
308,oli,3,p323_olibut_n,thousand (also elebut). ki-oliel V,,,
309,sob,3,p269_soboit_n,sofa,,,
310,sil,3,p265_ke_sil_vt,dip up (water). ke-sil-e v.instr,,,
311,kesir,3,p119_kesiridt_n,small hoe of the same type as the igoret (q.v.),,,
312,somis,3,p277_somis_a,foul,,,
313,soi,3,p270_soi_n,"grassy, low-lying grazing land",,,
314,som,3,p270_sombet_n,ostrich feather head-dress or hat,,,
315,ingo,3,p095_ingoget_n,"grandmother (reference, cf kogo). Ingoro ingoget ab Jesukut? Which one is Jesugu",,,
316,kaliang',3,p105_kaliang'et_n,fly,,,
317,omu,3,p324_omut_adv,/amut/ yesterday,,,
318,keti,3,p120_ketit_n,"1. tree, ket ne o a large tree",,,
319,tun,3,p302_tun_adv,someday,,,
320,tustus,3,p304_tustus_a,"/tustus, tustus/ soft, cushiony",,,
321,send,3,p260_senda_n,"centre, a group of shops",,,
322,ogo,3,p322_ogobo_p,"/akopa/ 1. because of, on account of, by virtue of, about, for the sakeof",,,
323,ogoi,3,p322_ogoi_p,"/akoy/ 1. up to, until, through, throughout",,,
324,abus,2,p027_ke_abus_vt,to be a fool,,,
325,abusan,2,p027_abusanet_n,"dim-witted person, fool",,,
326,ingor,2,p095_ingoro_adv,where? Ingoro lalet? Where is the horn?,,,
327,mete,2,p194_metetek_n,husk,,,
328,mabwai,2,p183_mabwai_n,outside (back yard),,,
329,anwet,2,p031_anwet_n,"leather thong, leather strap for tethering cattle",,,
330,arawet,2,p032_arawet_n,"1. moon, month",,,
331,kwo,2,p162_kwondo_n,"woman, lady (young), wife",,,
332,sobon,2,p276_sobondo_n,1. life. 2. good fortune,,,
333,baba,2,p033_baba_n,"father, paternal uncle, baba ne o father's older brother",,,
334,bagach,2,p033_ke_bagach_vt,"to leave s.t., let alone, relinquish, abandon",,,
335,bol,2,p045_boldet_n,cloud. Mibolik emet ra,,,
336,bamong'o,2,p035_bamong'o_n,"father-in-law, daughter-in-law",,,
337,banda,2,p035_banda_n,1. gait,,,
338,banan,2,p035_banan_n,poorness,,,
339,sap,2,p257_saptet_n,[(also septet)] 1. a small gourd sliced in halfand used as a bowl,,,
340,ie,2,p089_iet_n,a day,,,
341,bata,2,p037_bataiat_n,1. duck. lechi kou batait. (S/he's) waddling like a duck,,,
342,lol,2,p183_lolet_n,bag,,,
343,mutai,2,p210_mutai_adv,"slightly off, with an aftertaste, tangy",,,
344,bergei,2,p040_bergeiat_n,virgin,,,
345,kebe,2,p112_kebei_a,black with white patch on each side of stomach,,,
346,bag,2,p034_baget_n,cat,,,
347,ito,2,p099_itogut_n,1. bed. kiito itogut to make the bed,,,
348,boger,2,p045_boger_n,"mother-in-law, i.e. husband's mother, daughter's husband (reciprocal)",,,
349,bok,2,p045_bokiot_n,"dust balls, ko-bolbol V",,,
350,borbor,2,p046_borbor_a,"brittle, crumbly, delicate, fragile (of dry things and, by extension, of a perso",,,
351,borto,2,p047_borto_n,"1. body. 2. disease, illness",,,
352,kiprongetit,2,p136_kiprongetit_n,blanket,,,
353,cho,2,p076_choget_n,"granary, storehouse",,,
354,bugat,2,p048_bugat_n,"foam, froth, suds",,,
355,buruk,2,p050_buruk_a,"horns pointing upwards and forwards, the tips turned inwards, ei nenyu ne buruk ",,,
356,bus,2,p051_busbus_a,1. crumbly,,,
357,boch,2,p052_boch_adv,"1. since, from",,,
358,boi,2,p045_boinet_n,bushbuck. ki-bok v.ven,,,
359,borei,2,p054_boreiwek_n,"family cattle taken in a raid (cf. kanyiyet, kamanaktaet)",,,
360,cha,2,p054_chabai_a,"smooth-surfaced,slippery",,,
361,sandet,2,p257_sandet_n,"1. son-in-law (daughter's husband), brother-in-law (man's sister's husband). san",,,
362,kenu,2,p115_kenunet_n,"lie(s), deception(s)",,,
363,chebusit,2,p058_chebusit_n,goat given to people who have looked after a girl initiate who has come out,,,
364,chemarget,2,p060_chemarget_n,"riot, turmoil, unrest,(running) amok",,,
365,chepkauiet,2,p064_chepkauiet_n,skirt of leather,,,
366,chepkitit,2,p065_chepkitit_n,(running) amok,,,
367,chepkulet,2,p067_chepkulet_n,1. hat,,,
368,chepsireret,2,p068_chepsireret_n,hawk,,,
369,kipruteit,2,p136_kipruteit_n,"/kip-rute-it, kip-rutey/ pneumonia",,,
370,cheptioi,2,p070_cheptioit_n,wisdom tooth,,,
371,cheringisiet,2,p071_cheringisiet_n,"lizard, gecko",,,
372,cherongo,2,p071_cherongo_n,"westward, west (descending, cf. toror)",,,
373,kobot,2,p163_kobot_n,"/kapot, kopot, apot, pot, kapot (nom.y mother of Kobot JesilutJesilut'smother",,,
374,chorunet,2,p084_chorunet_n,"rising (cf. the unrelated chorunet ab kei lowering down of oneself), chorunet ab",,,
375,musarek,2,p209_musarek_n,"porridge, gmel. kechul musarek to make porridge (kechul = to stir)",,,
376,chum,2,p080_chumbik_n,salt,,,
377,chomindet,2,p083_chomindet_n,"gossiper, slanderer",,,
378,chomut,2,p084_chomutiet_n,gossiping (act of),,,
379,len,2,p176_lengu_n,mi: ce:-ka le:nku/ lenji (see le say),,,
380,engei,2,p087_engei_a,"soft, easy",,,
381,tobe,2,p297_tobet_n,"anvil, ki-toch V",,,
382,lei,2,p175_lei_a,"white, bright, ei ne lei a white ox",,,
383,ibak,2,p089_ibak_adv,/ ipak/ then,,,
384,ilet,2,p090_ilet_n,lightning,,,
385,ingegut,2,p094_ingegutiet_n,"edge, bank ofriver, shore.Mebuteingegutiana.Don't fall over that bank",,,
386,ingelelio,2,p094_ingeleliot_n,disobedient or stubborn person,,,
387,injololiot,2,p096_injololiot_n,silver earring worn by men,,,
388,mogombet,2,p198_mogombet_n,hoe,,,
389,kutundo,2,p159_kutundo_n,knee,,,
390,kipkurguriet,2,p134_kipkurguriet_n,1. thigh bells (worn by women),,,
391,iyio,2,p099_iyio_n,maybe,,,
392,koch,2,p145_kochek_n,blistered rash,,,
393,kainet,2,p104_kainet_n,name,,,
394,kamasanet,2,p106_kamasanet_n,side road,,,
395,ng'inng'in,2,p224_ng'inng'in_a,"on the verge of breaking, fragile; thin(-waisted)",,,
396,karamiet,2,p109_karamiet_n,"wasp, hornet",,,
397,tuut,2,p304_tuut_n,retaining fence for cattle,,,
398,kebebert,2,p111_kebeberta_n,"1. portion, part, slice, piece, unit",,,
399,kurwet,2,p157_kurwet_n,"pronged stick twirled between hands for mixing, whisk.Barbarekurwetmusarek",,,
400,kemboi,2,p114_kemboi_n,night,,,
401,genen,2,p115_ke_genen_vt,to strain,,,
402,keny,2,p115_keny_adv,"/keny/ [cf. kenyit year] for a long time, keteb keny to stay for a long time",,,
403,munyuk,2,p207_munyuk_n,sodawater made from ashes (see kipkerekut),,,
404,kero,2,p118_kero_a,speckled,,,
405,kwan,2,p159_kwanda_n,"father, father's brother (used in reference, not direct address)",,,
406,kesit,2,p119_kesit_n,case (in a law court),,,
407,ketemwet,2,p120_ketemwet_n,"1. bitter medicine, tree of same",,,
408,watwat,2,p314_watwat_a,1. ticklish. 2. sensitive,,,
409,ketowet,2,p120_ketowet_n,"bladder, lower part of abdomen",,,
410,kiit,2,p125_kiit_n,thing. ki ni,,,
411,kibaigeiyat,2,p121_kibaigeiyat_n,lover,,,
412,koita,2,p146_koita_n,"stone, koit ab bai stone for grinding millet",,,
413,korgo,2,p150_korgoret_n,prison,,,
414,kim,2,p125_kim_a,1. strong,,,
415,koech,2,p145_koech_adv,all night (long),,,
416,kip,2,p133_kipkoi_n,"anaplasmosis, a cattle disease, also chepkoi",,,
417,late,2,p173_latet_n,scrotum,,,
418,kute,2,p158_kuterer_adv,to lie on the back,,,
419,kipsanuwet,2,p137_kipsanuwet_n,comb (also kipsunuwet),,,
420,kipseanit,2,p137_kipseanit_n,"large, arboreal snake",,,
421,kipsomsomek,2,p138_kipsomsomek_n,ants which live in small mounds,,,
422,sumu,2,p273_sumu_n,poison,,,
423,kogon,2,p146_kogoniot_n,female animal (also koget),,,
424,serut,2,p261_serut_n,"nose, kondab ser(ut). kong'ik ab ser(ut)nostril, nostrils (hole(s) of nose)",,,
425,iyet,2,p099_iyeto_n,"smoke. lyeni iyeto. The smoke is rising, /iyyen-i iyye-ta/",,,
426,gor,2,p149_ke_gor_vt,to render Kogogor mwaita (fat),,,
427,kolen,2,p165_kolenjin_n,"[lit. I told you, see ke-le to say] Kalenjin",,,
428,koriot,2,p150_koriot_n,"ridge, well-defined edge or protrubance",,,
429,korok,2,p150_korok_adv,1. first,,,
430,kas,2,p110_kasese_n,"[cf. keses-to craziness] a crazy, eccentric person",,,
431,kos,2,p151_kosiom_a,"bent over, curved, crooked, warped",,,
432,nwach,2,p233_nwach_a,short,,,
433,lembech,2,p175_lembechat_n,lie(s),,,
434,kul,2,p154_kuluny_a,turned inwards (of ox horns),,,
435,kum,2,p154_kumbet_n,prostitution,,,
436,kumik,2,p154_kumik_n,honey,,,
437,ng,2,p221_ng'ei_n,May. ng'ei,,,
438,kunur,2,p155_kunur_a,"gnarled, twisted, crooked",,,
439,kitandet,2,p143_kitandet_n,"bed. kitandet ab anwet, onok bed made of leather straps",,,
440,kures,2,p156_kuresiet_n,"candalabra tree, Euphorbia candelabrum, savanna tree to 50 ft. with a mass of ca",,,
441,kwanget,2,p159_kwanget_n,bow,,,
442,kwet,2,p162_kwetiot_n,"buttock, ke-kwet-yi v.app",,,
443,la,2,p170_ke_la_vt,"1. to carry on back (e.g. firewood), to carry (e.g. a corpse), to lug. Labak! Ca",,,
444,meto,2,p194_meto_adv,"/met-o/ [of. met-it head] 1. upwards, up, north, ole meto north /ole met-o/ Moti",,,
445,lel,2,p175_leldet_n,"core, pure part, cream of. leldet ab mat flame of a fire",,,
